3,1100911115,Producto 01,Producto 01,1,1,1,1,2,2,1,2,1,10,image_default.jpg
4,1100911116,Producto 02,Producto 02,1,1,2,1,2,2,1,2,1,10,image_default.jpg
5,1100911117,Producto 03,Producto 03,1,1,2,2,2,2,2,2,1,10,image_default.jpg
6,1100911118,Producto 04,Producto 04,1,1,1,2,2,1,2,1,1,10,image_default.jpg
7,1100911119,Producto 05,Producto 05,1,1,1,1,2,1,1,1,1,10,image_default.jpg
8,1100911120,Producto 06,Producto 06,1,1,2,1,2,2,1,2,1,10,image_default.jpg
9,1100911121,Producto 07,Producto 07,1,1,1,2,2,2,2,2,1,10,image_default.jpg
10,1100911122,Producto 08,Producto 08,1,1,2,1,2,2,1,2,1,10,image_default.jpg
11,1100911123,Producto 09,Producto 09,1,1,2,2,2,1,2,1,1,10,image_default.jpg
12,1100911124,Producto 10,Producto 10,1,1,1,2,2,1,2,2,1,10,image_default.jpg
13,1100911125,Producto 11,Producto 11,1,1,1,1,2,2,1,2,1,10,image_default.jpg
14,1100911126,Producto 12,Producto 12,1,1,2,1,2,2,1,1,1,10,image_default.jpg
15,1100911127,Producto 13,Producto 13,1,1,1,2,2,2,2,1,1,10,image_default.jpg
16,1100911128,Producto 14,Producto 14,1,1,2,1,2,1,1,2,1,10,image_default.jpg
17,1100911129,Producto 15,Producto 15,1,1,2,2,2,1,2,2,1,10,image_default.jpg
18,1100911130,Producto 16,Producto 16,1,1,1,2,2,2,2,2,1,10,image_default.jpg
19,1100911131,Producto 17,Producto 17,1,1,1,1,2,2,1,1,1,10,image_default.jpg
20,1100911132,Producto 18,Producto 18,1,1,2,1,2,2,1,2,1,10,image_default.jpg
21,1100911133,Producto 19,Producto 19,1,1,1,2,2,1,2,2,1,10,image_default.jpg
22,1100911134,Producto 20,Producto 20,1,1,2,1,2,1,1,1,1,10,image_default.jpg
23,1100911135,Producto 21,Producto 21,1,1,2,2,2,2,2,1,1,10,image_default.jpg
24,1100911136,Producto 22,Producto 22,1,1,1,2,2,2,2,2,1,10,image_default.jpg
25,1100911137,Producto 23,Producto 23,1,1,1,1,2,2,1,2,1,10,image_default.jpg
26,1100911138,Producto 24,Producto 24,1,1,2,1,2,1,1,2,1,10,image_default.jpg
27,1100911139,Producto 25,Producto 25,1,1,1,2,2,1,2,1,1,10,image_default.jpg
28,1100911140,Producto 26,Producto 26,1,1,2,1,2,2,2,2,1,10,image_default.jpg
29,1100911141,Producto 27,Producto 27,1,1,2,2,2,1,2,1,1,10,image_default.jpg
30,1100911142,Producto 28,Producto 28,1,1,1,2,2,2,1,2,1,10,image_default.jpg
31,1100911143,Producto 29,Producto 29,1,1,1,1,2,2,1,2,1,10,image_default.jpg
32,1100911144,Producto 30,Producto 30,1,1,2,1,2,1,2,1,1,10,image_default.jpg
33,1100911145,Producto 31,Producto 31,1,1,2,1,2,2,1,2,1,10,image_default.jpg
34,1100911146,Producto 32,Producto 32,1,1,2,1,2,1,1,1,1,10,image_default.jpg
35,1100911147,Producto 33,Producto 33,1,1,1,2,2,1,2,2,1,10,image_default.jpg
36,1100911148,Producto 34,Producto 34,1,1,1,1,2,2,2,1,1,10,image_default.jpg
37,1100911149,Producto 35,Producto 35,1,1,2,2,2,1,2,2,1,10,image_default.jpg
38,1100911150,Producto 36,Producto 36,1,1,2,2,2,2,1,2,1,10,image_default.jpg
39,1100911151,Producto 37,Producto 37,1,1,2,1,2,2,1,1,1,10,image_default.jpg
40,1100911152,Producto 38,Producto 38,1,1,1,1,2,1,2,2,1,10,image_default.jpg
41,1100911153,Producto 39,Producto 39,1,1,1,1,2,2,1,1,1,10,image_default.jpg
42,1100911154,Producto 40,Producto 40,1,1,2,1,2,1,1,2,1,10,image_default.jpg
43,1100911155,Producto 41,Producto 41,1,1,2,2,2,1,2,1,1,10,image_default.jpg
44,1100911156,Producto 42,Producto 42,1,1,2,1,2,2,2,2,1,10,image_default.jpg
45,1100911157,Producto 43,Producto 43,1,1,1,2,2,1,2,2,1,10,image_default.jpg
46,1100911158,Producto 44,Producto 44,1,1,1,2,2,2,1,1,1,10,image_default.jpg
47,1100911159,Producto 45,Producto 45,1,1,2,1,2,2,1,2,1,10,image_default.jpg
48,1100911160,Producto 46,Producto 46,1,1,2,1,2,1,2,1,1,10,image_default.jpg
49,1100911161,Producto 47,Producto 47,1,1,1,1,2,1,1,2,1,10,image_default.jpg
50,1100911162,Producto 48,Producto 48,1,1,1,2,2,2,2,1,1,10,image_default.jpg
51,1100911163,Producto 49,Producto 49,1,1,2,2,2,1,2,2,1,10,image_default.jpg
52,1100911164,Producto 50,Producto 50,1,1,2,1,2,2,1,2,1,10,image_default.jpg
